Workbook

Sheet Post Performance Tracker
A1: Post ID | B1: Date Posted | C1: Vertical | D1: Pain Point | E1: Post Type | F1: Impressions | G1: Likes | H1: Comments | I1: Shares | J1: DMs Received | K1: Videos Sent | L1: Demos Booked | M1: Notes | N1: Total Engagement | O1: Engagement % | P1: Conversion % | Q1: Video→Demo % | R1: Cost/Engage | S1: Tier | T1: Status
A2: EC-001 | B2: 45670 | C2: Electrical | D2: Material Cost Overruns | E2: Hand-Raiser | F2: 1247 | G2: 63 | H2: 8 | I2: 2 | J2: 5 | K2: 5 | L2: 2 | M2: High engagement on copper price spike | N2: =SUM(G2:I2) | O2: =IF(F2>0,N2/F2*100,0) | P2: =IF(F2>0,(H2+J2)/F2*100,0) | Q2: =IF(K2>0,L2/K2*100,0) | R2: 0 | S2: =IF(O2>=5,"🟢 High",IF(O2>=2,"🟡 Medium","🔴 Low")) | T2: =IF(L2>0,"✅ Closed",IF(K2>0,"📹 Video Sent",IF(J2>0,"💬 Engaged","👀 Posted")))
A3: EC-002 | B3: 45672 | C3: Electrical | D3: Labor Burden | E3: Hand-Raiser | F3: 892 | G3: 34 | H3: 3 | I3: 1 | J3: 2 | K3: 2 | L3: 0 | M3: Lower engagement, may need refinement | N3: =SUM(G3:I3) | O3: =IF(F3>0,N3/F3*100,0) | P3: =IF(F3>0,(H3+J3)/F3*100,0) | Q3: =IF(K3>0,L3/K3*100,0) | R3: 0 | S3: =IF(O3>=5,"🟢 High",IF(O3>=2,"🟡 Medium","🔴 Low")) | T3: =IF(L3>0,"✅ Closed",IF(K3>0,"📹 Video Sent",IF(J3>0,"💬 Engaged","👀 Posted")))
A4: HV-001 | B4: 45672 | C4: HVAC | D4: Labor Burden Blindness | E4: Hand-Raiser | F4: 1583 | G4: 87 | H4: 12 | I4: 4 | J4: 8 | K4: 7 | L4: 3 | M4: Strong resonance on "80% done" angle | N4: =SUM(G4:I4) | O4: =IF(F4>0,N4/F4*100,0) | P4: =IF(F4>0,(H4+J4)/F4*100,0) | Q4: =IF(K4>0,L4/K4*100,0) | R4: 0 | S4: =IF(O4>=5,"🟢 High",IF(O4>=2,"🟡 Medium","🔴 Low")) | T4: =IF(L4>0,"✅ Closed",IF(K4>0,"📹 Video Sent",IF(J4>0,"💬 Engaged","👀 Posted")))
A5: PL-001 | B5: 45674 | C5: Plumbing | D5: Admin Time Waste | E5: Hand-Raiser | F5: 1129 | G5: 56 | H5: 6 | I5: 2 | J5: 4 | K5: 4 | L5: 1 | M5: Office manager empathy angle worked | N5: =SUM(G5:I5) | O5: =IF(F5>0,N5/F5*100,0) | P5: =IF(F5>0,(H5+J5)/F5*100,0) | Q5: =IF(K5>0,L5/K5*100,0) | R5: 0 | S5: =IF(O5>=5,"🟢 High",IF(O5>=2,"🟡 Medium","🔴 Low")) | T5: =IF(L5>0,"✅ Closed",IF(K5>0,"📹 Video Sent",IF(J5>0,"💬 Engaged","👀 Posted")))
A6: HV-002 | B6: 45677 | C6: HVAC | D6: Material Cost Overruns | E6: Hand-Raiser | F6: 743 | G6: 28 | H6: 2 | I6: 0 | J6: 1 | K6: 1 | L6: 0 | M6: Cross-tested electrical pain point, lower fit | N6: =SUM(G6:I6) | O6: =IF(F6>0,N6/F6*100,0) | P6: =IF(F6>0,(H6+J6)/F6*100,0) | Q6: =IF(K6>0,L6/K6*100,0) | R6: 0 | S6: =IF(O6>=5,"🟢 High",IF(O6>=2,"🟡 Medium","🔴 Low")) | T6: =IF(L6>0,"✅ Closed",IF(K6>0,"📹 Video Sent",IF(J6>0,"💬 Engaged","👀 Posted")))
A7: EC-003 | B7: 45679 | C7: Electrical | D7: Cash Flow Delays | E7: Educational | F7: 1034 | G7: 41 | H7: 5 | I7: 1 | J7: 3 | K7: 3 | L7: 1 | M7: Testing new pain point angle | N7: =SUM(G7:I7) | O7: =IF(F7>0,N7/F7*100,0) | P7: =IF(F7>0,(H7+J7)/F7*100,0) | Q7: =IF(K7>0,L7/K7*100,0) | R7: 0 | S7: =IF(O7>=5,"🟢 High",IF(O7>=2,"🟡 Medium","🔴 Low")) | T7: =IF(L7>0,"✅ Closed",IF(K7>0,"📹 Video Sent",IF(J7>0,"💬 Engaged","👀 Posted")))

Sheet Dashboard
A1: VERTICAL PERFORMANCE SUMMARY
A2: Vertical | B2: Total Posts | C2: Avg Engage% | D2: Total DMs | E2: Videos Sent | F2: Demos Booked
A3: Electrical | B3: =COUNTIF('Post Performance Tracker'!C:C,"Electrical") | C3: =IFERROR(AVERAGEIF('Post Performance Tracker'!C:C,"Electrical",'Post Performance Tracker'!O:O),0) | D3: =SUMIF('Post Performance Tracker'!C:C,"Electrical",'Post Performance Tracker'!J:J) | E3: =SUMIF('Post Performance Tracker'!C:C,"Electrical",'Post Performance Tracker'!K:K) | F3: =SUMIF('Post Performance Tracker'!C:C,"Electrical",'Post Performance Tracker'!L:L)
A4: HVAC | B4: =COUNTIF('Post Performance Tracker'!C:C,"HVAC") | C4: =IFERROR(AVERAGEIF('Post Performance Tracker'!C:C,"HVAC",'Post Performance Tracker'!O:O),0) | D4: =SUMIF('Post Performance Tracker'!C:C,"HVAC",'Post Performance Tracker'!J:J) | E4: =SUMIF('Post Performance Tracker'!C:C,"HVAC",'Post Performance Tracker'!K:K) | F4: =SUMIF('Post Performance Tracker'!C:C,"HVAC",'Post Performance Tracker'!L:L)
A5: Plumbing | B5: =COUNTIF('Post Performance Tracker'!C:C,"Plumbing") | C5: =IFERROR(AVERAGEIF('Post Performance Tracker'!C:C,"Plumbing",'Post Performance Tracker'!O:O),0) | D5: =SUMIF('Post Performance Tracker'!C:C,"Plumbing",'Post Performance Tracker'!J:J) | E5: =SUMIF('Post Performance Tracker'!C:C,"Plumbing",'Post Performance Tracker'!K:K) | F5: =SUMIF('Post Performance Tracker'!C:C,"Plumbing",'Post Performance Tracker'!L:L)
A6: TOTAL | B6: =SUM(B3:B5) | C6: =AVERAGE(C3:C5) | D6: =SUM(D3:D5) | E6: =SUM(E3:E5) | F6: =SUM(F3:F5)
A9: PAIN POINT PERFORMANCE
A10: Pain Point | B10: Posts Count | C10: Avg Engage% | D10: Demos
A11: Material Cost Overruns | B11: =COUNTIF('Post Performance Tracker'!D:D,"Material Cost Overruns") | C11: =IFERROR(AVERAGEIF('Post Performance Tracker'!D:D,"Material Cost Overruns",'Post Performance Tracker'!O:O),0) | D11: =SUMIF('Post Performance Tracker'!D:D,"Material Cost Overruns",'Post Performance Tracker'!L:L)
A12: Labor Burden Blindness | B12: =COUNTIF('Post Performance Tracker'!D:D,"Labor Burden Blindness") | C12: =IFERROR(AVERAGEIF('Post Performance Tracker'!D:D,"Labor Burden Blindness",'Post Performance Tracker'!O:O),0) | D12: =SUMIF('Post Performance Tracker'!D:D,"Labor Burden Blindness",'Post Performance Tracker'!L:L)
A13: Admin Time Waste | B13: =COUNTIF('Post Performance Tracker'!D:D,"Admin Time Waste") | C13: =IFERROR(AVERAGEIF('Post Performance Tracker'!D:D,"Admin Time Waste",'Post Performance Tracker'!O:O),0) | D13: =SUMIF('Post Performance Tracker'!D:D,"Admin Time Waste",'Post Performance Tracker'!L:L)
A16: WEEKLY TRENDS
A17: Week | B17: Posts Published | C17: Total DMs | D17: Demos Booked
A18: Week 1 | B18: 0 | C18: 0 | D18: 0
A19: Week 2 | B19: 0 | C19: 0 | D19: 0
A20: Week 3 | B20: 0 | C20: 0 | D20: 0
A21: Week 4 | B21: 0 | C21: 0 | D21: 0
A23: CONVERSION FUNNEL
A24: Stage | B24: Count
A25: Total Impressions | B25: =SUM('Post Performance Tracker'!F:F)
A26: Total Engagement | B26: =SUM('Post Performance Tracker'!N:N)
A27: DMs Received | B27: =SUM('Post Performance Tracker'!J:J)
A28: Videos Sent | B28: =SUM('Post Performance Tracker'!K:K)
A29: Demos Booked | B29: =SUM('Post Performance Tracker'!L:L)

Sheet Response Tracker
A1: Prospect | B1: Vertical | C1: Post ID | D1: Engage Type | E1: Date Engaged | F1: Video Sent | G1: Demo Date | H1: Status | I1: Days→Video | J1: Days→Demo | K1: Speed Grade | L1: Stage
A2: John Smith | B2: Electrical | C2: EC-001 | D2: Comment | E2: 45670 | F2: 45670 | G2: 45675 | H2: Demo Booked | I2: =IF(F2="","",F2-E2) | J2: =IF(G2="","",G2-E2) | K2: =IF(I2="","",IF(I2<=1,"🟢 Fast",IF(I2<=3,"🟡 OK","🔴 Slow"))) | L2: =IF(H2="Demo Booked","Stage 3: Demo",IF(F2<>"","Stage 2: Video Sent",IF(E2<>"","Stage 1: Engaged","")))
A3: Mike Johnson | B3: HVAC | C3: HV-001 | D3: DM | E3: 45672 | F3: 45672 | G3: 45677 | H3: Demo Booked | I3: =IF(F3="","",F3-E3) | J3: =IF(G3="","",G3-E3) | K3: =IF(I3="","",IF(I3<=1,"🟢 Fast",IF(I3<=3,"🟡 OK","🔴 Slow"))) | L3: =IF(H3="Demo Booked","Stage 3: Demo",IF(F3<>"","Stage 2: Video Sent",IF(E3<>"","Stage 1: Engaged","")))
A4: Sarah Williams | B4: Plumbing | C4: PL-001 | D4: Comment | E4: 45674 | F4: 45675 | H4: Video Sent | I4: =IF(F4="","",F4-E4) | J4: =IF(G4="","",G4-E4) | K4: =IF(I4="","",IF(I4<=1,"🟢 Fast",IF(I4<=3,"🟡 OK","🔴 Slow"))) | L4: =IF(H4="Demo Booked","Stage 3: Demo",IF(F4<>"","Stage 2: Video Sent",IF(E4<>"","Stage 1: Engaged","")))
A5: Dave Martinez | B5: Electrical | C5: EC-001 | D5: DM | E5: 45670 | H5: Engaged | I5: =IF(F5="","",F5-E5) | J5: =IF(G5="","",G5-E5) | K5: =IF(I5="","",IF(I5<=1,"🟢 Fast",IF(I5<=3,"🟡 OK","🔴 Slow"))) | L5: =IF(H5="Demo Booked","Stage 3: Demo",IF(F5<>"","Stage 2: Video Sent",IF(E5<>"","Stage 1: Engaged","")))
